{
"lengthUnit": "mil",
"components": {
	"fields": ["COMPONENT_NO", "COMPONENT_NAME", "LAYER", "X_COORDINATE", "Y_COORDINATE", "ANGLE"],
	"rows": [
		[1, "C1", "B", 410, 1730, 180],
		[2, "C2", "B", 465, 1550, 0],
		[3, "C3", "B", 1240.56, 698.58, 180],
		[4, "C4", "B", 1361.05, 829.38, 90],
		[5, "C5", "B", 985.41, 1314.97, 270],
		[6, "C6", "B", 915.41, 1314.97, 270],
		[7, "C7", "B", 1225.2, 980.41, 270],
		[8, "C8", "B", 1155.2, 980.41, 270],
		[9, "C9", "B", 950, 1962.15, 0],
		[10, "C10", "B", 1015, 1755, 90],
		[11, "C11", "B", 1213, 503.18, 270],
		[12, "C12", "B", 1146, 503.18, 270],
		[13, "C13", "B", 1225.41, 1104.8, 90],
		[14, "C14", "B", 1155.41, 1104.8, 90],
		[15, "C15", "B", 1470.43, 975, 0],
		[16, "C16", "B", 1335, 1102.61, 90],
		[17, "C17", "B", 244.25, 705, 180],
		[18, "C18", "B", 390, 813.11, 270],
		[19, "CN1", "B", 1400, 1445, 270],
		[20, "D1", "B", 234.81, 1558.1, 180],
		[21, "D2", "B", 1180.18, 1865, 0],
		[22, "FPC1", "B", 787.4, 340, 180],
		[23, "FPC2", "B", 801.17, 641.1, 180],
		[24, "L1", "B", 235, 1710, 0],
		[25, "L2", "B", 1189.48, 1700, 0],
		[26, "LED1", "T", 1314.9, 1861.86, 90],
		[27, "LED2", "T", 259.9, 1861.35, 90],
		[28, "LED3", "T", 1314.9, 1710.86, 90],
		[29, "LED4", "T", 259.9, 1710.35, 90],
		[30, "LED5", "T", 1314.9, 1559.86, 90],
		[31, "LED6", "T", 259.9, 1559.35, 90],
		[32, "LED7", "T", 1314.9, 1408.86, 90],
		[33, "LED8", "T", 259.9, 1408.35, 90],
		[34, "LED9", "T", 1314.9, 1257.86, 90],
		[35, "LED10", "T", 259.9, 1257.35, 90],
		[36, "LED11", "T", 1314.9, 1106.86, 90],
		[37, "LED12", "T", 259.9, 1106.35, 90],
		[38, "LED13", "T", 1314.9, 955.86, 90],
		[39, "LED14", "T", 259.9, 955.35, 90],
		[40, "LED15", "T", 1314.9, 804.86, 90],
		[41, "LED16", "T", 259.9, 804.35, 90],
		[42, "LED17", "T", 1314.9, 653.86, 90],
		[43, "LED18", "T", 259.9, 653.35, 90],
		[44, "LED19", "T", 1314.9, 502.86, 90],
		[45, "LED20", "T", 259.9, 502.35, 90],
		[46, "R1", "B", 435, 1434.66, 270],
		[47, "R2", "B", 495, 1435, 90],
		[48, "R3", "B", 434.74, 1319.1, 90],
		[49, "R4", "B", 326.63, 1220, 0],
		[50, "R5", "B", 985, 1865, 180],
		[51, "R6", "B", 1088.36, 2195, 180],
		[52, "SCREW1", "T", 122.5, 2237.69, 0],
		[53, "SCREW2", "T", 1457.18, 2237.69, 0],
		[54, "SCREW3", "T", 121.87, 117.69, 0],
		[55, "SCREW4", "T", 1456.56, 117.69, 0],
		[56, "U1", "B", 250, 1380, 0],
		[57, "U2", "B", 1250.4, 813.58, 270],
		[58, "U3", "T", 787.39, 1181.1, 180],
		[59, "U4", "B", 1164.99, 2043.06, 180],
		[60, "U6", "B", 1458.62, 1092.77, 180],
		[61, "X1", "B", 260, 820, 0]
	]
},
"pins": {
	"fields": ["PIN_NO", "PIN_NAME", "PIN_X", "PIN_Y", "LAYER", "PIN_TYPE", "NET_NAME", "NET_TYPE", "PAD_SHAPE", "PAD_SIZEX", "PAD_SIZEY", "HOLE_SIZE", "PAD_ANGLE"],
	"rows": [
		[1, "C1_1", 437.56, 1730, "B", "SMD", "GND", "GND", "R", 31.5, 35.43, 0, 180],
		[2, "C1_2", 382.44, 1730, "B", "SMD", "+5V", "", "R", 31.5, 35.43, 0, 180],
		[3, "C2_1", 425.63, 1550, "B", "SMD", "$C2_1", "", "R", 55.51, 53.15, 0, 0],
		[4, "C2_2", 504.37, 1550, "B", "SMD", "GND", "GND", "R", 55.51, 53.15, 0, 0],
		[5, "C3_1", 1268.12, 698.58, "B", "SMD", "GND", "GND", "R", 31.5, 35.43, 0, 180],
		[6, "C3_2", 1213, 698.58, "B", "SMD", "+1V8", "", "R", 31.5, 35.43, 0, 180],
		[7, "C4_1", 1361.05, 801.82, "B", "SMD", "GND", "GND", "R", 31.5, 35.43, 0, 90],
		[8, "C4_2", 1361.05, 856.94, "B", "SMD", "+5V", "", "R", 31.5, 35.43, 0, 90],
		[9, "C5_1", 985.41, 1342.53, "B", "SMD", "GND", "GND", "R", 31.5, 35.43, 0, 270],
		[10, "C5_2", 985.41, 1287.41, "B", "SMD", "+3V3_1", "", "R", 31.5, 35.43, 0, 270],
		[11, "C6_1", 915.41, 1342.53, "B", "SMD", "GND", "GND", "R", 31.5, 35.43, 0, 270],
		[12, "C6_2", 915.41, 1287.41, "B", "SMD", "+3V3_1", "", "R", 31.5, 35.43, 0, 270],
		[13, "C7_1", 1225.2, 1007.97, "B", "SMD", "+3V3_1", "", "R", 31.5, 35.43, 0, 270],
		[14, "C7_2", 1225.2, 952.85, "B", "SMD", "GND", "GND", "R", 31.5, 35.43, 0, 270],
		[15, "C8_1", 1155.2, 1007.97, "B", "SMD", "+3V3_1", "", "R", 31.5, 35.43, 0, 270],
		[16, "C8_2", 1155.2, 952.85, "B", "SMD", "GND", "GND", "R", 31.5, 35.43, 0, 270],
		[17, "C9_1", 922.44, 1962.15, "B", "SMD", "GND", "GND", "R", 31.5, 35.43, 0, 0],
		[18, "C9_2", 977.56, 1962.15, "B", "SMD", "+5V", "", "R", 31.5, 35.43, 0, 0],
		[19, "C10_1", 1015, 1727.44, "B", "SMD", "LASER_N", "", "R", 31.5, 35.43, 0, 90],
		[20, "C10_2", 1015, 1782.56, "B", "SMD", "+5V", "", "R", 31.5, 35.43, 0, 90],
		[21, "C11_1", 1213, 530.74, "B", "SMD", "+1V8", "", "R", 31.5, 35.43, 0, 270],
		[22, "C11_2", 1213, 475.62, "B", "SMD", "GND", "GND", "R", 31.5, 35.43, 0, 270],
		[23, "C12_1", 1146, 530.74, "B", "SMD", "+1V8", "", "R", 31.5, 35.43, 0, 270],
		[24, "C12_2", 1146, 475.62, "B", "SMD", "GND", "GND", "R", 31.5, 35.43, 0, 270],
		[25, "C13_1", 1225.41, 1077.24, "B", "SMD", "+3V3_1", "", "R", 31.5, 35.43, 0, 90],
		[26, "C13_2", 1225.41, 1132.36, "B", "SMD", "GND", "GND", "R", 31.5, 35.43, 0, 90],
		[27, "C14_1", 1155.41, 1077.24, "B", "SMD", "+3V3_1", "", "R", 31.5, 35.43, 0, 90],
		[28, "C14_2", 1155.41, 1132.36, "B", "SMD", "GND", "GND", "R", 31.5, 35.43, 0, 90],
		[29, "C15_1", 1442.87, 975, "B", "SMD", "GND", "GND", "R", 31.5, 35.43, 0, 0],
		[30, "C15_2", 1497.99, 975, "B", "SMD", "+5V", "", "R", 31.5, 35.43, 0, 0],
		[31, "C16_1", 1335, 1075.05, "B", "SMD", "GND", "GND", "R", 31.5, 35.43, 0, 90],
		[32, "C16_2", 1335, 1130.17, "B", "SMD", "+3V3_1", "", "R", 31.5, 35.43, 0, 90],
		[33, "C17_1", 271.81, 705, "B", "SMD", "GND", "GND", "R", 31.5, 35.43, 0, 180],
		[34, "C17_2", 216.69, 705, "B", "SMD", "+3V3_1", "", "R", 31.5, 35.43, 0, 180],
		[35, "C18_1", 390, 840.67, "B", "SMD", "GND", "GND", "R", 31.5, 35.43, 0, 270],
		[36, "C18_2", 390, 785.55, "B", "SMD", "$C18_2", "", "R", 31.5, 35.43, 0, 270],
		[37, "CN1_1", 1400, 1494.21, "T", "DIP", "+5V", "", "R", 70.87, 70.87, 43.31, 270],
		[38, "CN1_1", 1400, 1494.21, "B", "DIP", "+5V", "", "R", 70.87, 70.87, 43.31, 270],
		[39, "CN1_2", 1400, 1395.79, "T", "DIP", "GND", "GND", "C", 70.87, 70.87, 43.31, 270],
		[40, "CN1_2", 1400, 1395.79, "B", "DIP", "GND", "GND", "C", 70.87, 70.87, 43.31, 270],
		[41, "D1_1", 310.75, 1558.1, "B", "SMD", "$C2_1", "", "R", 81.5, 81.1, 0, 0],
		[42, "D1_2", 158.86, 1558.1, "B", "SMD", "$D1_2", "", "R", 81.5, 81.1, 0, 0],
		[43, "D2_1", 1104.24, 1865, "B", "SMD", "+5V", "", "R", 81.5, 81.1, 0, 180],
		[44, "D2_2", 1256.13, 1865, "B", "SMD", "$D2_2", "", "R", 81.5, 81.1, 0, 180],
		[45, "FPC1_1", 974.41, 390.69, "B", "SMD", "I2C2_SDA", "", "R", 11.81, 49.21, 0, 180],
		[46, "FPC1_2", 954.72, 390.69, "B", "SMD", "I2C2_SCL", "", "R", 11.81, 49.21, 0, 180],
		[47, "FPC1_3", 935.04, 390.69, "B", "SMD", "OV7725_SIO_D", "", "R", 11.81, 49.21, 0, 180],
		[48, "FPC1_4", 915.35, 390.69, "B", "SMD", "OV7725_SIO_C", "", "R", 11.81, 49.21, 0, 180],
		[49, "FPC1_5", 895.67, 390.69, "B", "SMD", "OV7725_RESET", "", "R", 11.81, 49.21, 0, 180],
		[50, "FPC1_6", 875.98, 390.69, "B", "SMD", "DCI_VSYNC", "", "R", 11.81, 49.21, 0, 180],
		[51, "FPC1_7", 856.3, 390.69, "B", "SMD", "OV7725_PWDN", "", "R", 11.81, 49.21, 0, 180],
		[52, "FPC1_8", 836.61, 390.69, "B", "SMD", "DCI_HSYNC", "", "R", 11.81, 49.21, 0, 180],
		[53, "FPC1_9", 816.93, 390.69, "B", "SMD", "DCI_D7", "", "R", 11.81, 49.21, 0, 180],
		[54, "FPC1_10", 797.24, 390.69, "B", "SMD", "DCI_D6", "", "R", 11.81, 49.21, 0, 180],
		[55, "FPC1_11", 777.56, 390.69, "B", "SMD", "DCI_D5", "", "R", 11.81, 49.21, 0, 180],
		[56, "FPC1_12", 757.87, 390.69, "B", "SMD", "DCI_PIXCLK", "", "R", 11.81, 49.21, 0, 180],
		[57, "FPC1_13", 738.19, 390.69, "B", "SMD", "DCI_D4", "", "R", 11.81, 49.21, 0, 180],
		[58, "FPC1_14", 718.5, 390.69, "B", "SMD", "DCI_D0", "", "R", 11.81, 49.21, 0, 180],
		[59, "FPC1_15", 698.81, 390.69, "B", "SMD", "DCI_D3", "", "R", 11.81, 49.21, 0, 180],
		[60, "FPC1_16", 679.13, 390.69, "B", "SMD", "DCI_D1", "", "R", 11.81, 49.21, 0, 180],
		[61, "FPC1_17", 659.44, 390.69, "B", "SMD", "DCI_D2", "", "R", 11.81, 49.21, 0, 180],
		[62, "FPC1_18", 639.76, 390.69, "B", "SMD", "LED_EN", "", "R", 11.81, 49.21, 0, 180],
		[63, "FPC1_19", 620.07, 390.69, "B", "SMD", "LASER_EN", "", "R", 11.81, 49.21, 0, 180],
		[64, "FPC1_20", 600.39, 390.69, "B", "SMD", "GND", "GND", "R", 11.81, 49.21, 0, 180],
		[65, "FPC1_21", 533.86, 289.31, "B", "SMD", "GND", "GND", "R", 78.74, 98.42, 0, 180],
		[66, "FPC1_22", 1040.94, 289.31, "B", "SMD", "GND", "GND", "R", 78.74, 98.42, 0, 180],
		[67, "FPC2_1", 1027.47, 589.89, "B", "SMD", "FPC2_1", "", "R", 11.81, 51.18, 0, 180],
		[68, "FPC2_2", 1007.78, 589.89, "B", "SMD", "GND", "GND", "R", 11.81, 51.18, 0, 180],
		[69, "FPC2_3", 988.1, 589.89, "B", "SMD", "OV7725_SIO_D", "", "R", 11.81, 51.18, 0, 180],
		[70, "FPC2_4", 968.41, 589.89, "B", "SMD", "+3V3_1", "", "R", 11.81, 51.18, 0, 180],
		[71, "FPC2_5", 948.73, 589.89, "B", "SMD", "OV7725_SIO_C", "", "R", 11.81, 51.18, 0, 180],
		[72, "FPC2_6", 929.04, 589.89, "B", "SMD", "OV7725_RESET", "", "R", 11.81, 51.18, 0, 180],
		[73, "FPC2_7", 909.36, 589.89, "B", "SMD", "DCI_VSYNC", "", "R", 11.81, 51.18, 0, 180],
		[74, "FPC2_8", 889.67, 589.89, "B", "SMD", "OV7725_PWDN", "", "R", 11.81, 51.18, 0, 180],
		[75, "FPC2_9", 869.99, 589.89, "B", "SMD", "DCI_HSYNC", "", "R", 11.81, 51.18, 0, 180],
		[76, "FPC2_10", 850.3, 589.89, "B", "SMD", "+1V8", "", "R", 11.81, 51.18, 0, 180],
		[77, "FPC2_11", 830.62, 589.89, "B", "SMD", "+3V3_1", "", "R", 11.81, 51.18, 0, 180],
		[78, "FPC2_12", 810.93, 589.89, "B", "SMD", "DCI_D7", "", "R", 11.81, 51.18, 0, 180],
		[79, "FPC2_13", 791.25, 589.89, "B", "SMD", "$C18_2", "", "R", 11.81, 51.18, 0, 180],
		[80, "FPC2_14", 771.56, 589.89, "B", "SMD", "DCI_D6", "", "R", 11.81, 51.18, 0, 180],
		[81, "FPC2_15", 751.88, 589.89, "B", "SMD", "GND", "GND", "R", 11.81, 51.18, 0, 180],
		[82, "FPC2_16", 732.19, 589.89, "B", "SMD", "DCI_D5", "", "R", 11.81, 51.18, 0, 180],
		[83, "FPC2_17", 712.51, 589.89, "B", "SMD", "DCI_PIXCLK", "", "R", 11.81, 51.18, 0, 180],
		[84, "FPC2_18", 692.82, 589.89, "B", "SMD", "DCI_D4", "", "R", 11.81, 51.18, 0, 180],
		[85, "FPC2_19", 673.14, 589.89, "B", "SMD", "DCI_D0", "", "R", 11.81, 51.18, 0, 180],
		[86, "FPC2_20", 653.45, 589.89, "B", "SMD", "DCI_D3", "", "R", 11.81, 51.18, 0, 180],
		[87, "FPC2_21", 633.77, 589.89, "B", "SMD", "DCI_D1", "", "R", 11.81, 51.18, 0, 180],
		[88, "FPC2_22", 614.08, 589.89, "B", "SMD", "DCI_D2", "", "R", 11.81, 51.18, 0, 180],
		[89, "FPC2_23", 594.4, 589.89, "B", "SMD", "FPC2_23", "", "R", 11.81, 51.18, 0, 180],
		[90, "FPC2_24", 574.71, 589.89, "B", "SMD", "FPC2_24", "", "R", 11.81, 51.18, 0, 180],
		[91, "FPC2_25", 507.86, 692.31, "B", "SMD", "GND", "GND", "R", 62.99, 78.74, 0, 270],
		[92, "FPC2_26", 1094.48, 692.31, "B", "SMD", "GND", "GND", "R", 62.99, 78.74, 0, 270],
		[93, "L1_1", 314.84, 1710, "B", "SMD", "+5V", "", "R", 55.12, 83.47, 0, 0],
		[94, "L1_2", 155.16, 1710, "B", "SMD", "$D1_2", "", "R", 55.12, 83.47, 0, 0],
		[95, "L2_1", 1269.32, 1700, "B", "SMD", "$D2_2", "", "R", 55.12, 83.47, 0, 0],
		[96, "L2_2", 1109.64, 1700, "B", "SMD", "LASER_N", "", "R", 55.12, 83.47, 0, 0],
		[97, "LED1_1", 1314.9, 1893.36, "T", "SMD", "LED+", "", "R", 31.5, 31.5, 0, 180],
		[98, "LED1_2", 1314.9, 1830.36, "T", "SMD", "$LED1_2", "", "R", 31.5, 31.5, 0, 180],
		[99, "LED2_1", 259.9, 1892.84, "T", "SMD", "LED+", "", "R", 31.5, 31.5, 0, 180],
		[100, "LED2_2", 259.9, 1829.85, "T", "SMD", "$LED2_2", "", "R", 31.5, 31.5, 0, 180],
		[101, "LED3_1", 1314.9, 1742.36, "T", "SMD", "$LED1_2", "", "R", 31.5, 31.5, 0, 180],
		[102, "LED3_2", 1314.9, 1679.36, "T", "SMD", "$LED3_2", "", "R", 31.5, 31.5, 0, 180],
		[103, "LED4_1", 259.9, 1741.84, "T", "SMD", "$LED2_2", "", "R", 31.5, 31.5, 0, 180],
		[104, "LED4_2", 259.9, 1678.85, "T", "SMD", "$LED4_2", "", "R", 31.5, 31.5, 0, 180],
		[105, "LED5_1", 1314.9, 1591.36, "T", "SMD", "$LED3_2", "", "R", 31.5, 31.5, 0, 180],
		[106, "LED5_2", 1314.9, 1528.36, "T", "SMD", "$LED5_2", "", "R", 31.5, 31.5, 0, 180],
		[107, "LED6_1", 259.9, 1590.84, "T", "SMD", "$LED4_2", "", "R", 31.5, 31.5, 0, 180],
		[108, "LED6_2", 259.9, 1527.85, "T", "SMD", "$LED6_2", "", "R", 31.5, 31.5, 0, 180],
		[109, "LED7_1", 1314.9, 1440.36, "T", "SMD", "$LED5_2", "", "R", 31.5, 31.5, 0, 180],
		[110, "LED7_2", 1314.9, 1377.36, "T", "SMD", "$LED7_2", "", "R", 31.5, 31.5, 0, 180],
		[111, "LED8_1", 259.9, 1439.84, "T", "SMD", "$LED6_2", "", "R", 31.5, 31.5, 0, 180],
		[112, "LED8_2", 259.9, 1376.85, "T", "SMD", "$LED10_1", "", "R", 31.5, 31.5, 0, 180],
		[113, "LED9_1", 1314.9, 1289.36, "T", "SMD", "$LED7_2", "", "R", 31.5, 31.5, 0, 180],
		[114, "LED9_2", 1314.9, 1226.36, "T", "SMD", "$LED11_1", "", "R", 31.5, 31.5, 0, 180],
		[115, "LED10_1", 259.9, 1288.84, "T", "SMD", "$LED10_1", "", "R", 31.5, 31.5, 0, 180],
		[116, "LED10_2", 259.9, 1225.85, "T", "SMD", "$LED10_2", "", "R", 31.5, 31.5, 0, 180],
		[117, "LED11_1", 1314.9, 1138.36, "T", "SMD", "$LED11_1", "", "R", 31.5, 31.5, 0, 180],
		[118, "LED11_2", 1314.9, 1075.36, "T", "SMD", "$LED11_2", "", "R", 31.5, 31.5, 0, 180],
		[119, "LED12_1", 259.9, 1137.84, "T", "SMD", "$LED10_2", "", "R", 31.5, 31.5, 0, 180],
		[120, "LED12_2", 259.9, 1074.85, "T", "SMD", "$LED12_2", "", "R", 31.5, 31.5, 0, 180],
		[121, "LED13_1", 1314.9, 987.36, "T", "SMD", "$LED11_2", "", "R", 31.5, 31.5, 0, 180],
		[122, "LED13_2", 1314.9, 924.36, "T", "SMD", "$LED13_2", "", "R", 31.5, 31.5, 0, 180],
		[123, "LED14_1", 259.9, 986.84, "T", "SMD", "$LED12_2", "", "R", 31.5, 31.5, 0, 180],
		[124, "LED14_2", 259.9, 923.85, "T", "SMD", "$LED14_2", "", "R", 31.5, 31.5, 0, 180],
		[125, "LED15_1", 1314.9, 836.36, "T", "SMD", "$LED13_2", "", "R", 31.5, 31.5, 0, 180],
		[126, "LED15_2", 1314.9, 773.36, "T", "SMD", "$LED15_2", "", "R", 31.5, 31.5, 0, 180],
		[127, "LED16_1", 259.9, 835.84, "T", "SMD", "$LED14_2", "", "R", 31.5, 31.5, 0, 180],
		[128, "LED16_2", 259.9, 772.85, "T", "SMD", "$LED16_2", "", "R", 31.5, 31.5, 0, 180],
		[129, "LED17_1", 1314.9, 685.36, "T", "SMD", "$LED15_2", "", "R", 31.5, 31.5, 0, 180],
		[130, "LED17_2", 1314.9, 622.36, "T", "SMD", "$LED17_2", "", "R", 31.5, 31.5, 0, 180],
		[131, "LED18_1", 259.9, 684.84, "T", "SMD", "$LED16_2", "", "R", 31.5, 31.5, 0, 180],
		[132, "LED18_2", 259.9, 621.85, "T", "SMD", "$LED18_2", "", "R", 31.5, 31.5, 0, 180],
		[133, "LED19_1", 1314.9, 534.36, "T", "SMD", "$LED17_2", "", "R", 31.5, 31.5, 0, 180],
		[134, "LED19_2", 1314.9, 471.36, "T", "SMD", "GND", "GND", "R", 31.5, 31.5, 0, 180],
		[135, "LED20_1", 259.9, 533.84, "T", "SMD", "$LED18_2", "", "R", 31.5, 31.5, 0, 180],
		[136, "LED20_2", 259.9, 470.85, "T", "SMD", "GND", "GND", "R", 31.5, 31.5, 0, 180],
		[137, "R1_1", 435, 1464.32, "B", "SMD", "$C2_1", "", "R", 31.75, 34.02, 0, 270],
		[138, "R1_2", 435, 1405, "B", "SMD", "LED+", "", "R", 31.75, 34.02, 0, 270],
		[139, "R2_1", 495, 1405.34, "B", "SMD", "$R2_1", "", "R", 31.75, 34.02, 0, 90],
		[140, "R2_2", 495, 1464.66, "B", "SMD", "$C2_1", "", "R", 31.75, 34.02, 0, 90],
		[141, "R3_1", 434.74, 1289.44, "B", "SMD", "GND", "GND", "R", 31.75, 34.02, 0, 90],
		[142, "R3_2", 434.74, 1348.76, "B", "SMD", "$R2_1", "", "R", 31.75, 34.02, 0, 90],
		[143, "R4_1", 296.97, 1220, "B", "SMD", "GND", "GND", "R", 31.75, 34.02, 0, 0],
		[144, "R4_2", 356.3, 1220, "B", "SMD", "LED_EN", "", "R", 31.75, 34.02, 0, 0],
		[145, "R5_1", 1014.66, 1865, "B", "SMD", "+5V", "", "R", 31.75, 34.02, 0, 180],
		[146, "R5_2", 955.34, 1865, "B", "SMD", "LASER_P", "", "R", 31.75, 34.02, 0, 180],
		[147, "R6_1", 1118.02, 2195, "B", "SMD", "GND", "GND", "R", 31.75, 34.02, 0, 180],
		[148, "R6_2", 1058.7, 2195, "B", "SMD", "LASER_EN", "", "R", 31.75, 34.02, 0, 180],
		[149, "SCREW1_1", 120, 2240.19, "T", "DIP", "GND", "GND", "C", 126, 126, 126, 0],
		[150, "SCREW1_1", 120, 2240.19, "B", "DIP", "GND", "GND", "C", 126, 126, 126, 0],
		[151, "SCREW2_1", 1454.68, 2240.19, "T", "DIP", "GND", "GND", "C", 126, 126, 126, 0],
		[152, "SCREW2_1", 1454.68, 2240.19, "B", "DIP", "GND", "GND", "C", 126, 126, 126, 0],
		[153, "SCREW3_1", 119.37, 120.19, "T", "DIP", "GND", "GND", "C", 126, 126, 126, 0],
		[154, "SCREW3_1", 119.37, 120.19, "B", "DIP", "GND", "GND", "C", 126, 126, 126, 0],
		[155, "SCREW4_1", 1454.06, 120.19, "T", "DIP", "GND", "GND", "C", 126, 126, 126, 0],
		[156, "SCREW4_1", 1454.06, 120.19, "B", "DIP", "GND", "GND", "C", 126, 126, 126, 0],
		[157, "U1_1", 143.71, 1305, "B", "SMD", "U1_1", "", "R", 51.18, 23.62, 0, 0],
		[158, "U1_2", 143.7, 1355, "B", "SMD", "GND", "GND", "R", 51.18, 23.62, 0, 0],
		[159, "U1_3", 143.7, 1405, "B", "SMD", "$D1_2", "", "R", 51.18, 23.62, 0, 0],
		[160, "U1_4", 143.7, 1455, "B", "SMD", "$D1_2", "", "R", 51.18, 23.62, 0, 0],
		[161, "U1_5", 356.3, 1455, "B", "SMD", "$C2_1", "", "R", 51.18, 23.62, 0, 0],
		[162, "U1_6", 356.3, 1405, "B", "SMD", "LED+", "", "R", 51.18, 23.62, 0, 0],
		[163, "U1_7", 356.3, 1355, "B", "SMD", "$R2_1", "", "R", 51.18, 23.62, 0, 0],
		[164, "U1_8", 356.3, 1305, "B", "SMD", "LED_EN", "", "R", 51.18, 23.62, 0, 0],
		[165, "U1_9", 250, 1380, "B", "SMD", "GND", "GND", "R", 94.49, 129.92, 0, 0],
		[166, "U2_1", 1287.8, 770.22, "B", "SMD", "GND", "GND", "R", 40.85, 20.95, 0, 270],
		[167, "U2_2", 1213, 770.22, "B", "SMD", "+1V8", "", "R", 40.85, 20.95, 0, 270],
		[168, "U2_3", 1250.4, 856.94, "B", "SMD", "+5V", "", "R", 40.85, 20.95, 0, 270],
		[169, "U3_1", 830.7, 1074.81, "T", "DIP", "I2C2_SDA", "", "C", 70.87, 70.87, 47.24, 315],
		[170, "U3_1", 830.7, 1074.81, "B", "DIP", "I2C2_SDA", "", "C", 70.87, 70.87, 47.24, 315],
		[171, "U3_2", 830.7, 1287.41, "T", "DIP", "+3V3_1", "", "C", 70.87, 70.87, 47.24, 315],
		[172, "U3_2", 830.7, 1287.41, "B", "DIP", "+3V3_1", "", "C", 70.87, 70.87, 47.24, 315],
		[173, "U3_3", 744.08, 1287.41, "T", "DIP", "GND", "GND", "C", 70.87, 70.87, 47.24, 315],
		[174, "U3_3", 744.08, 1287.41, "B", "DIP", "GND", "GND", "C", 70.87, 70.87, 47.24, 315],
		[175, "U3_4", 744.08, 1074.81, "T", "DIP", "I2C2_SCL", "", "C", 70.87, 70.87, 47.24, 315],
		[176, "U3_4", 744.08, 1074.81, "B", "DIP", "I2C2_SCL", "", "C", 70.87, 70.87, 47.24, 315],
		[177, "U4_1", 1271.29, 2118.06, "B", "SMD", "U4_1", "", "R", 51.18, 23.62, 0, 180],
		[178, "U4_2", 1271.29, 2068.06, "B", "SMD", "GND", "GND", "R", 51.18, 23.62, 0, 180],
		[179, "U4_3", 1271.29, 2018.06, "B", "SMD", "$D2_2", "", "R", 51.18, 23.62, 0, 180],
		[180, "U4_4", 1271.29, 1968.06, "B", "SMD", "$D2_2", "", "R", 51.18, 23.62, 0, 180],
		[181, "U4_5", 1058.7, 1968.06, "B", "SMD", "+5V", "", "R", 51.18, 23.62, 0, 180],
		[182, "U4_6", 1058.7, 2018.06, "B", "SMD", "LASER_P", "", "R", 51.18, 23.62, 0, 180],
		[183, "U4_7", 1058.7, 2068.06, "B", "SMD", "U4_7", "", "R", 51.18, 23.62, 0, 180],
		[184, "U4_8", 1058.7, 2118.06, "B", "SMD", "LASER_EN", "", "R", 51.18, 23.62, 0, 180],
		[185, "U4_9", 1164.99, 2043.06, "B", "SMD", "GND", "GND", "R", 94.49, 129.92, 0, 180],
		[186, "U6_1", 1419.25, 1055.37, "B", "SMD", "GND", "GND", "R", 49.21, 27.56, 0, 180],
		[187, "U6_2", 1419.25, 1130.17, "B", "SMD", "+3V3_1", "", "R", 49.21, 27.56, 0, 180],
		[188, "U6_3", 1497.99, 1092.77, "B", "SMD", "+5V", "", "R", 49.21, 27.56, 0, 180],
		[189, "X1_1", 216.69, 854.45, "B", "SMD", "X1_1", "", "R", 55.12, 47.24, 0, 0],
		[190, "X1_2", 303.31, 854.45, "B", "SMD", "GND", "GND", "R", 55.12, 47.24, 0, 0],
		[191, "X1_3", 303.31, 785.55, "B", "SMD", "$C18_2", "", "R", 55.12, 47.24, 0, 0],
		[192, "X1_4", 216.69, 785.55, "B", "SMD", "+3V3_1", "", "R", 55.12, 47.24, 0, 0]
	]
}
}