{
"lengthUnit": "mil",
"components": {
	"fields": ["COMPONENT_NO", "COMPONENT_NAME", "LAYER", "X_COORDINATE", "Y_COORDINATE", "ANGLE"],
	"rows": [
		[1, "BUZZER1", "T", 1399.64, 2930.69, 90],
		[2, "C1", "B", 1994.8, 505.41, 90],
		[3, "C2", "B", 1924.8, 505.41, 90],
		[4, "C3", "B", 980.09, 1597.93, 90],
		[5, "C4", "B", 1050.09, 1597.11, 90],
		[6, "C5", "B", 1022.53, 1810, 0],
		[7, "C6", "B", 865, 1935, 90],
		[8, "C7", "B", 335, 620, 0],
		[9, "C8", "B", 984.76, 1297.32, 180],
		[10, "C9", "B", 984.76, 1227.32, 180],
		[11, "C10", "T", 1051.91, 2845, 180],
		[12, "C11", "T", 1210, 2977.05, 90],
		[13, "C12", "B", 725, 375, 180],
		[14, "C13", "B", 685, 1966.69, 90],
		[15, "C14", "B", 835, 2155.67, 90],
		[16, "C15", "B", 765, 2155.67, 90],
		[17, "CN1", "B", 500, 170, 270],
		[18, "CN2", "B", 755, 170, 270],
		[19, "CN3", "B", 1010, 170, 270],
		[20, "D1", "B", 1970, 673.35, 180],
		[21, "D2", "B", 1970, 758.35, 180],
		[22, "D3", "B", 1970, 923.35, 180],
		[23, "D4", "B", 1970, 973.35, 180],
		[24, "D5", "B", 1970, 1023.35, 180],
		[25, "D6", "B", 1970, 808.35, 180],
		[26, "D7", "B", 1970, 623.35, 180],
		[27, "D8", "B", 910.91, 1597.32, 270],
		[28, "D9", "T", 1555, 2975.07, 90],
		[29, "D10", "B", 335, 405, 90],
		[30, "D11", "B", 95, 1097.58, 90],
		[31, "D12", "B", 1120, 405, 90],
		[32, "DISP1", "T", 19.15, 1435.4, 0],
		[33, "EVK1", "B", 1026.1, 1670, 0],
		[34, "FPC1", "B", 1500, 455, 180],
		[35, "L1", "B", 735.91, 1477.32, 270],
		[36, "LED1", "T", 70, 440, 180],
		[37, "LED2", "T", 70, 510, 180],
		[38, "Q1", "T", 1665, 2981.87, 270],
		[39, "Q2", "B", 615, 2195, 0],
		[40, "Q3", "B", 957.26, 520, 270],
		[41, "Q4", "B", 1120, 620, 90],
		[42, "R1", "T", 1345, 380, 180],
		[43, "R2", "T", 1345, 440, 180],
		[44, "R3", "T", 1345, 500, 180],
		[45, "R4", "T", 1345, 560, 180],
		[46, "R5", "T", 1345, 620, 180],
		[47, "R6", "T", 195, 440, 180],
		[48, "R7", "T", 195, 510, 180],
		[49, "R8", "T", 610, 595, 180],
		[50, "R9", "T", 1597.94, 2855, 0],
		[51, "R10", "B", 1115.91, 1597.32, 90],
		[52, "R11", "B", 1175.91, 1597.32, 270],
		[53, "R12", "B", 1385, 1850, 180],
		[54, "R13", "B", 1460, 2108.35, 180],
		[55, "R14", "B", 1460, 2270, 180],
		[56, "R15", "B", 1460, 2208.35, 180],
		[57, "R16", "B", 779.72, 661.36, 270],
		[58, "R17", "B", 840.45, 661.36, 270],
		[59, "R18", "B", 846.78, 375, 180],
		[60, "R19", "B", 575.63, 2060, 270],
		[61, "R20", "B", 580, 778.69, 270],
		[62, "R21", "B", 625, 2308.35, 0],
		[63, "R22", "B", 965, 375, 0],
		[64, "R23", "B", 640, 778.69, 90],
		[65, "R24", "B", 1055, 404.66, 270],
		[66, "R25", "B", 49.82, 775.18, 270],
		[67, "R26", "B", 110.18, 775.18, 270],
		[68, "R27", "T", 860, 790, 0],
		[69, "R28", "T", 860, 850, 180],
		[70, "SCREW1", "T", 130, 2975, 0],
		[71, "SCREW2", "T", 1945, 2975, 0],
		[72, "SCREW3", "T", 130, 125, 0],
		[73, "SCREW4", "T", 1945, 125, 0],
		[74, "SW1", "T", 406.08, 1140, 180],
		[75, "SW2", "T", 1036, 1140, 180],
		[76, "SW3", "T", 1665.92, 1140, 180],
		[77, "SW4", "T", 1036, 510.08, 180],
		[78, "U1", "T", 1720, 595, 90],
		[79, "U2", "B", 550, 480, 0],
		[80, "U3", "B", 1010.72, 1925, 180],
		[81, "U4", "B", 957.2, 1430.06, 0],
		[82, "U5", "T", 1063.72, 2967.21, 0],
		[83, "U6", "B", 817.12, 520.15, 0],
		[84, "USB1", "B", 130, 475, 90]
	]
},
"pins": {
	"fields": ["PIN_NO", "PIN_NAME", "PIN_X", "PIN_Y", "LAYER", "PIN_TYPE", "NET_NAME", "NET_TYPE", "PAD_SHAPE", "PAD_SIZEX", "PAD_SIZEY", "HOLE_SIZE", "PAD_ANGLE"],
	"rows": [
		[1, "BUZZER1_1", 1468.54, 2840.14, "T", "SMD", "+3V3_2", "", "R", 66.93, 27.56, 0, 90],
		[2, "BUZZER1_2", 1468.54, 3021.24, "T", "SMD", "$BUZZER1_2", "", "R", 66.93, 27.56, 0, 90],
		[3, "BUZZER1_3", 1330.75, 2840.14, "T", "SMD", "GND", "GND", "R", 66.93, 27.56, 0, 90],
		[4, "C1_1", 1994.8, 477.85, "B", "SMD", "GND", "GND", "R", 31.5, 35.43, 0, 90],
		[5, "C1_2", 1994.8, 532.97, "B", "SMD", "+3V3_1", "", "R", 31.5, 35.43, 0, 90],
		[6, "C2_1", 1924.8, 477.85, "B", "SMD", "GND", "GND", "R", 31.5, 35.43, 0, 90],
		[7, "C2_2", 1924.8, 532.97, "B", "SMD", "+3V3_1", "", "R", 31.5, 35.43, 0, 90],
		[8, "C3_1", 980.09, 1570.37, "B", "SMD", "GND", "GND", "R", 31.5, 35.43, 0, 90],
		[9, "C3_2", 980.09, 1625.49, "B", "SMD", "+5V", "", "R", 31.5, 35.43, 0, 90],
		[10, "C4_1", 1050.09, 1569.55, "B", "SMD", "GND", "GND", "R", 31.5, 35.43, 0, 90],
		[11, "C4_2", 1050.09, 1624.67, "B", "SMD", "+5V", "", "R", 31.5, 35.43, 0, 90],
		[12, "C5_1", 994.97, 1810, "B", "SMD", "GND", "GND", "R", 31.5, 35.43, 0, 0],
		[13, "C5_2", 1050.09, 1810, "B", "SMD", "+5V", "", "R", 31.5, 35.43, 0, 0],
		[14, "C6_1", 865, 1907.44, "B", "SMD", "GND", "GND", "R", 31.5, 35.43, 0, 90],
		[15, "C6_2", 865, 1962.56, "B", "SMD", "+3V3_1", "", "R", 31.5, 35.43, 0, 90],
		[16, "C7_1", 307.44, 620, "B", "SMD", "GND", "GND", "R", 31.5, 35.43, 0, 0],
		[17, "C7_2", 362.56, 620, "B", "SMD", "VBUS", "", "R", 31.5, 35.43, 0, 0],
		[18, "C8_1", 1012.32, 1297.32, "B", "SMD", "GND", "GND", "R", 31.5, 35.43, 0, 180],
		[19, "C8_2", 957.2, 1297.32, "B", "SMD", "VBAT", "", "R", 31.5, 35.43, 0, 180],
		[20, "C9_1", 1012.32, 1227.32, "B", "SMD", "GND", "GND", "R", 31.5, 35.43, 0, 180],
		[21, "C9_2", 957.2, 1227.32, "B", "SMD", "VBAT", "", "R", 31.5, 35.43, 0, 180],
		[22, "C10_1", 1079.47, 2845, "T", "SMD", "GND", "GND", "R", 31.5, 35.43, 0, 180],
		[23, "C10_2", 1024.35, 2845, "T", "SMD", "+5V", "", "R", 31.5, 35.43, 0, 180],
		[24, "C11_1", 1210, 2949.49, "T", "SMD", "GND", "GND", "R", 31.5, 35.43, 0, 90],
		[25, "C11_2", 1210, 3004.61, "T", "SMD", "+3V3_2", "", "R", 31.5, 35.43, 0, 90],
		[26, "C12_1", 752.56, 375, "B", "SMD", "$C12_1", "", "R", 31.5, 35.43, 0, 180],
		[27, "C12_2", 697.44, 375, "B", "SMD", "BAT-", "", "R", 31.5, 35.43, 0, 180],
		[28, "C13_1", 685, 1939.13, "B", "SMD", "GND", "GND", "R", 31.5, 35.43, 0, 90],
		[29, "C13_2", 685, 1994.26, "B", "SMD", "+3V3_1", "", "R", 31.5, 35.43, 0, 90],
		[30, "C14_1", 835, 2128.11, "B", "SMD", "GND", "GND", "R", 31.5, 35.43, 0, 90],
		[31, "C14_2", 835, 2183.23, "B", "SMD", "+3V3_1", "", "R", 31.5, 35.43, 0, 90],
		[32, "C15_1", 765, 2128.11, "B", "SMD", "GND", "GND", "R", 31.5, 35.43, 0, 90],
		[33, "C15_2", 765, 2183.23, "B", "SMD", "+3V3_1", "", "R", 31.5, 35.43, 0, 90],
		[34, "CN1_1", 500, 219.21, "T", "DIP", "+5V", "", "R", 70.87, 70.87, 43.31, 270],
		[35, "CN1_1", 500, 219.21, "B", "DIP", "+5V", "", "R", 70.87, 70.87, 43.31, 270],
		[36, "CN1_2", 500, 120.79, "T", "DIP", "GND", "GND", "C", 70.87, 70.87, 43.31, 270],
		[37, "CN1_2", 500, 120.79, "B", "DIP", "GND", "GND", "C", 70.87, 70.87, 43.31, 270],
		[38, "CN2_1", 755, 219.21, "T", "DIP", "BAT-", "", "R", 70.87, 70.87, 43.31, 270],
		[39, "CN2_1", 755, 219.21, "B", "DIP", "BAT-", "", "R", 70.87, 70.87, 43.31, 270],
		[40, "CN2_2", 755, 120.79, "T", "DIP", "BAT+", "", "C", 70.87, 70.87, 43.31, 270],
		[41, "CN2_2", 755, 120.79, "B", "DIP", "BAT+", "", "C", 70.87, 70.87, 43.31, 270],
		[42, "CN3_1", 1010, 219.21, "T", "DIP", "BTN_MF3", "", "R", 70.87, 70.87, 43.31, 270],
		[43, "CN3_1", 1010, 219.21, "B", "DIP", "BTN_MF3", "", "R", 70.87, 70.87, 43.31, 270],
		[44, "CN3_2", 1010, 120.79, "T", "DIP", "GND", "GND", "C", 70.87, 70.87, 43.31, 270],
		[45, "CN3_2", 1010, 120.79, "B", "DIP", "GND", "GND", "C", 70.87, 70.87, 43.31, 270],
		[46, "D1_1", 1994.05, 673.35, "B", "SMD", "GND", "GND", "R", 24, 20, 0, 0],
		[47, "D1_2", 1945.95, 673.35, "B", "SMD", "SDIO_D1", "", "R", 24, 20, 0, 0],
		[48, "D2_1", 1994.05, 758.35, "B", "SMD", "GND", "GND", "R", 24, 20, 0, 0],
		[49, "D2_2", 1945.95, 758.35, "B", "SMD", "SDIO_D0", "", "R", 24, 20, 0, 0],
		[50, "D3_1", 1994.05, 923.35, "B", "SMD", "GND", "GND", "R", 24, 20, 0, 0],
		[51, "D3_2", 1945.95, 923.35, "B", "SMD", "SDIO_CMD", "", "R", 24, 20, 0, 0],
		[52, "D4_1", 1994.05, 973.35, "B", "SMD", "GND", "GND", "R", 24, 20, 0, 0],
		[53, "D4_2", 1945.95, 973.35, "B", "SMD", "SDIO_D3", "", "R", 24, 20, 0, 0],
		[54, "D5_1", 1994.05, 1023.35, "B", "SMD", "GND", "GND", "R", 24, 20, 0, 0],
		[55, "D5_2", 1945.95, 1023.35, "B", "SMD", "SDIO_D2", "", "R", 24, 20, 0, 0],
		[56, "D6_1", 1994.05, 808.35, "B", "SMD", "GND", "GND", "R", 24, 20, 0, 0],
		[57, "D6_2", 1945.95, 808.35, "B", "SMD", "SDIO_CLK", "", "R", 24, 20, 0, 0],
		[58, "D7_1", 1994.05, 623.35, "B", "SMD", "GND", "GND", "R", 24, 20, 0, 0],
		[59, "D7_2", 1945.95, 623.35, "B", "SMD", "PD3", "", "R", 24, 20, 0, 0],
		[60, "D8_1", 910.91, 1643.48, "B", "SMD", "+5V", "", "R", 39.37, 29.53, 0, 270],
		[61, "D8_2", 910.91, 1551.15, "B", "SMD", "$D8_2", "", "R", 39.37, 29.53, 0, 270],
		[62, "D9_1", 1555, 2928.91, "T", "SMD", "+3V3_2", "", "R", 39.37, 29.53, 0, 90],
		[63, "D9_2", 1555, 3021.24, "T", "SMD", "$BUZZER1_2", "", "R", 39.37, 29.53, 0, 90],
		[64, "D10_1", 335, 302.98, "B", "SMD", "GND", "GND", "R", 80.61, 88.23, 0, 90],
		[65, "D10_2", 335, 507.02, "B", "SMD", "VBUS", "", "R", 80.61, 88.23, 0, 90],
		[66, "D11_1", 95, 1051.41, "B", "SMD", "$D11_1", "", "R", 39.37, 29.53, 0, 90],
		[67, "D11_2", 95, 1143.74, "B", "SMD", "BTN_PWR", "", "R", 39.37, 29.53, 0, 90],
		[68, "D12_1", 1120, 358.83, "B", "SMD", "$D12_1", "", "R", 39.37, 29.53, 0, 90],
		[69, "D12_2", 1120, 451.17, "B", "SMD", "$D12_2", "", "R", 39.37, 29.53, 0, 90],
		[70, "DISP1_1", 454.5, 1899.77, "T", "SMD", "DISP1_1", "", "O", 15.75, 196.85, 0, 270],
		[71, "DISP1_2", 454.5, 1931.26, "T", "SMD", "GND", "GND", "O", 15.75, 196.85, 0, 270],
		[72, "DISP1_3", 454.5, 1962.76, "T", "SMD", "$DISP1_3", "", "O", 15.75, 196.85, 0, 270],
		[73, "DISP1_4", 454.5, 1994.25, "T", "SMD", "+3V3_1", "", "O", 15.75, 196.85, 0, 270],
		[74, "DISP1_5", 454.5, 2025.75, "T", "SMD", "GND", "GND", "O", 15.75, 196.85, 0, 270],
		[75, "DISP1_6", 454.5, 2057.25, "T", "SMD", "LCD_RESET", "", "O", 15.75, 196.85, 0, 270],
		[76, "DISP1_7", 454.5, 2088.74, "T", "SMD", "LCD_DC", "", "O", 15.75, 196.85, 0, 270],
		[77, "DISP1_8", 454.5, 2120.24, "T", "SMD", "LCD_SDA", "", "O", 15.75, 196.85, 0, 270],
		[78, "DISP1_9", 454.5, 2151.74, "T", "SMD", "LCD_SCL", "", "O", 15.75, 196.85, 0, 270],
		[79, "DISP1_10", 454.5, 2183.23, "T", "SMD", "+3V3_1", "", "O", 15.75, 196.85, 0, 270],
		[80, "DISP1_11", 454.5, 2214.73, "T", "SMD", "+3V3_1", "", "O", 15.75, 196.85, 0, 270],
		[81, "DISP1_12", 454.5, 2246.22, "T", "SMD", "LCD_CS", "", "O", 15.75, 196.85, 0, 270],
		[82, "DISP1_13", 454.5, 2277.72, "T", "SMD", "GND", "GND", "O", 15.75, 196.85, 0, 270],
		[83, "DISP1_14", 454.5, 2309.22, "T", "SMD", "DISP1_14", "", "O", 15.75, 196.85, 0, 270],
		[84, "EVK1_1", 227.01, 708.35, "B", "SMD", "BTN_MF2", "", "R", 40.16, 143.7, 0, 90],
		[85, "EVK1_2", 445.52, 708.35, "B", "SMD", "EVK1_2", "", "R", 40.16, 143.7, 0, 90],
		[86, "EVK1_3", 227.01, 808.35, "B", "SMD", "EVK1_3", "", "R", 40.16, 143.7, 0, 90],
		[87, "EVK1_4", 445.52, 808.35, "B", "SMD", "CHARGE_DET", "", "R", 40.16, 143.7, 0, 90],
		[88, "EVK1_5", 227.01, 908.35, "B", "SMD", "DCI_HSYNC", "", "R", 40.16, 143.7, 0, 90],
		[89, "EVK1_6", 445.52, 908.35, "B", "SMD", "EVK1_6", "", "R", 40.16, 143.7, 0, 90],
		[90, "EVK1_7", 227.01, 1008.35, "B", "SMD", "DCI_PIXCLK", "", "R", 40.16, 143.7, 0, 90],
		[91, "EVK1_8", 445.52, 1008.35, "B", "SMD", "EVK1_8", "", "R", 40.16, 143.7, 0, 90],
		[92, "EVK1_9", 227.01, 1108.35, "B", "SMD", "EVK1_9", "", "R", 40.16, 143.7, 0, 90],
		[93, "EVK1_10", 445.52, 1108.35, "B", "SMD", "EVK1_10", "", "R", 40.16, 143.7, 0, 90],
		[94, "EVK1_11", 227.01, 1208.35, "B", "SMD", "ADC_CH8", "", "R", 40.16, 143.7, 0, 90],
		[95, "EVK1_12", 445.52, 1208.35, "B", "SMD", "EVK1_12", "", "R", 40.16, 143.7, 0, 90],
		[96, "EVK1_13", 227.01, 1308.35, "B", "SMD", "BTN_PWR", "", "R", 40.16, 143.7, 0, 90],
		[97, "EVK1_14", 445.52, 1308.35, "B", "SMD", "EVK1_14", "", "R", 40.16, 143.7, 0, 90],
		[98, "EVK1_15", 227.01, 1408.35, "B", "SMD", "EVK1_15", "", "R", 40.16, 143.7, 0, 90],
		[99, "EVK1_16", 445.52, 1408.35, "B", "SMD", "EVK1_16", "", "R", 40.16, 143.7, 0, 90],
		[100, "EVK1_17", 227.01, 1508.35, "B", "SMD", "EVK1_17", "", "R", 40.16, 143.7, 0, 90],
		[101, "EVK1_18", 445.52, 1508.35, "B", "SMD", "EVK1_18", "", "R", 40.16, 143.7, 0, 90],
		[102, "EVK1_19", 227.01, 1608.35, "B", "SMD", "EVK1_19", "", "R", 40.16, 143.7, 0, 90],
		[103, "EVK1_20", 445.52, 1608.35, "B", "SMD", "EVK1_20", "", "R", 40.16, 143.7, 0, 90],
		[104, "EVK1_21", 227.01, 1708.35, "B", "SMD", "EVK1_21", "", "R", 40.16, 143.7, 0, 90],
		[105, "EVK1_22", 445.52, 1708.35, "B", "SMD", "EVK1_22", "", "R", 40.16, 143.7, 0, 90],
		[106, "EVK1_23", 227.01, 1808.35, "B", "SMD", "EVK1_23", "", "R", 40.16, 143.7, 0, 90],
		[107, "EVK1_24", 445.52, 1808.35, "B", "SMD", "EVK1_24", "", "R", 40.16, 143.7, 0, 90],
		[108, "EVK1_25", 227.01, 1908.35, "B", "SMD", "LCD_SCL", "", "R", 40.16, 143.7, 0, 90],
		[109, "EVK1_26", 445.52, 1908.35, "B", "SMD", "EVK1_26", "", "R", 40.16, 143.7, 0, 90],
		[110, "EVK1_27", 227.01, 2008.35, "B", "SMD", "LCD_SDA", "", "R", 40.16, 143.7, 0, 90],
		[111, "EVK1_28", 445.52, 2008.35, "B", "SMD", "EVK1_28", "", "R", 40.16, 143.7, 0, 90],
		[112, "EVK1_29", 227.01, 2108.35, "B", "SMD", "EVK1_29", "", "R", 40.16, 143.7, 0, 90],
		[113, "EVK1_30", 445.52, 2108.35, "B", "SMD", "LCD_RESET", "", "R", 40.16, 143.7, 0, 90],
		[114, "EVK1_31", 227.01, 2208.35, "B", "SMD", "LCD_CS", "", "R", 40.16, 143.7, 0, 90],
		[115, "EVK1_32", 445.52, 2208.35, "B", "SMD", "LCD_DC", "", "R", 40.16, 143.7, 0, 90],
		[116, "EVK1_33", 227.01, 2308.35, "B", "SMD", "EVK1_33", "", "R", 40.16, 143.7, 0, 90],
		[117, "EVK1_34", 445.52, 2308.35, "B", "SMD", "LCD_BL", "", "R", 40.16, 143.7, 0, 90],
		[118, "EVK1_35", 227.01, 2408.35, "B", "SMD", "EVK1_35", "", "R", 40.16, 143.7, 0, 90],
		[119, "EVK1_36", 445.52, 2408.35, "B", "SMD", "EVK1_36", "", "R", 40.16, 143.7, 0, 90],
		[120, "EVK1_37", 227.01, 2508.35, "B", "SMD", "AGND", "", "R", 40.16, 143.7, 0, 90],
		[121, "EVK1_38", 445.52, 2508.35, "B", "SMD", "+3V3_1", "", "R", 40.16, 143.7, 0, 90],
		[122, "EVK1_39", 227.01, 2608.35, "B", "SMD", "GND", "GND", "R", 40.16, 143.7, 0, 90],
		[123, "EVK1_40", 445.52, 2608.35, "B", "SMD", "EVK1_40", "", "R", 40.16, 143.7, 0, 90],
		[124, "EVK1_41", 1627.01, 708.35, "B", "SMD", "PD3", "", "R", 40.16, 143.7, 0, 90],
		[125, "EVK1_42", 1845.52, 708.35, "B", "SMD", "SDIO_D1", "", "R", 40.16, 143.7, 0, 90],
		[126, "EVK1_43", 1627.01, 808.35, "B", "SMD", "SDIO_D0", "", "R", 40.16, 143.7, 0, 90],
		[127, "EVK1_44", 1845.52, 808.35, "B", "SMD", "SDIO_CLK", "", "R", 40.16, 143.7, 0, 90],
		[128, "EVK1_45", 1627.01, 908.35, "B", "SMD", "SDIO_CMD", "", "R", 40.16, 143.7, 0, 90],
		[129, "EVK1_46", 1845.52, 908.35, "B", "SMD", "SDIO_D3", "", "R", 40.16, 143.7, 0, 90],
		[130, "EVK1_47", 1627.01, 1008.35, "B", "SMD", "SDIO_D2", "", "R", 40.16, 143.7, 0, 90],
		[131, "EVK1_48", 1845.52, 1008.35, "B", "SMD", "3V3_EN_MCU", "", "R", 40.16, 143.7, 0, 90],
		[132, "EVK1_49", 1627.01, 1108.35, "B", "SMD", "LED_EN", "", "R", 40.16, 143.7, 0, 90],
		[133, "EVK1_50", 1845.52, 1108.35, "B", "SMD", "LASER_EN", "", "R", 40.16, 143.7, 0, 90],
		[134, "EVK1_51", 1627.01, 1208.35, "B", "SMD", "DCI_D4", "", "R", 40.16, 143.7, 0, 90],
		[135, "EVK1_52", 1845.52, 1208.35, "B", "SMD", "BTN_MENU", "", "R", 40.16, 143.7, 0, 90],
		[136, "EVK1_53", 1627.01, 1308.35, "B", "SMD", "BTN_MF1", "", "R", 40.16, 143.7, 0, 90],
		[137, "EVK1_54", 1845.52, 1308.35, "B", "SMD", "BTN_MF3", "", "R", 40.16, 143.7, 0, 90],
		[138, "EVK1_55", 1627.01, 1408.35, "B", "SMD", "EVK1_55", "", "R", 40.16, 143.7, 0, 90],
		[139, "EVK1_56", 1845.52, 1408.35, "B", "SMD", "EVK1_56", "", "R", 40.16, 143.7, 0, 90],
		[140, "EVK1_57", 1627.01, 1508.35, "B", "SMD", "EVK1_57", "", "R", 40.16, 143.7, 0, 90],
		[141, "EVK1_58", 1845.52, 1508.35, "B", "SMD", "DCI_D3", "", "R", 40.16, 143.7, 0, 90],
		[142, "EVK1_59", 1627.01, 1608.35, "B", "SMD", "DCI_D2", "", "R", 40.16, 143.7, 0, 90],
		[143, "EVK1_60", 1845.52, 1608.35, "B", "SMD", "DCI_D7", "", "R", 40.16, 143.7, 0, 90],
		[144, "EVK1_61", 1627.01, 1708.35, "B", "SMD", "DCI_D6", "", "R", 40.16, 143.7, 0, 90],
		[145, "EVK1_62", 1845.52, 1708.35, "B", "SMD", "DCI_VSYNC", "", "R", 40.16, 143.7, 0, 90],
		[146, "EVK1_63", 1627.01, 1808.35, "B", "SMD", "DCI_D5", "", "R", 40.16, 143.7, 0, 90],
		[147, "EVK1_64", 1845.52, 1808.35, "B", "SMD", "OV7725_PWDN", "", "R", 40.16, 143.7, 0, 90],
		[148, "EVK1_65", 1627.01, 1908.35, "B", "SMD", "I2C2_SDA", "", "R", 40.16, 143.7, 0, 90],
		[149, "EVK1_66", 1845.52, 1908.35, "B", "SMD", "EVK1_66", "", "R", 40.16, 143.7, 0, 90],
		[150, "EVK1_67", 1627.01, 2008.35, "B", "SMD", "OV7725_RESET", "", "R", 40.16, 143.7, 0, 90],
		[151, "EVK1_68", 1845.52, 2008.35, "B", "SMD", "EVK1_68", "", "R", 40.16, 143.7, 0, 90],
		[152, "EVK1_69", 1627.01, 2108.35, "B", "SMD", "PD5", "", "R", 40.16, 143.7, 0, 90],
		[153, "EVK1_70", 1845.52, 2108.35, "B", "SMD", "EVK1_70", "", "R", 40.16, 143.7, 0, 90],
		[154, "EVK1_71", 1627.01, 2208.35, "B", "SMD", "PD1", "", "R", 40.16, 143.7, 0, 90],
		[155, "EVK1_72", 1845.52, 2208.35, "B", "SMD", "EVK1_72", "", "R", 40.16, 143.7, 0, 90],
		[156, "EVK1_73", 1627.01, 2308.35, "B", "SMD", "BUZZER", "", "R", 40.16, 143.7, 0, 90],
		[157, "EVK1_74", 1845.52, 2308.35, "B", "SMD", "I2C2_SCL", "", "R", 40.16, 143.7, 0, 90],
		[158, "EVK1_75", 1627.01, 2408.35, "B", "SMD", "DCI_D0", "", "R", 40.16, 143.7, 0, 90],
		[159, "EVK1_76", 1845.52, 2408.35, "B", "SMD", "DCI_D1", "", "R", 40.16, 143.7, 0, 90],
		[160, "EVK1_77", 1627.01, 2508.35, "B", "SMD", "GND", "GND", "R", 40.16, 143.7, 0, 90],
		[161, "EVK1_78", 1845.52, 2508.35, "B", "SMD", "EVK1_78", "", "R", 40.16, 143.7, 0, 90],
		[162, "EVK1_79", 1627.01, 2608.35, "B", "SMD", "GND", "GND", "R", 40.16, 143.7, 0, 90],
		[163, "EVK1_80", 1845.52, 2608.35, "B", "SMD", "EVK1_80", "", "R", 40.16, 143.7, 0, 90],
		[164, "FPC1_1", 1687.01, 505.69, "B", "SMD", "GND", "GND", "R", 11.81, 49.21, 0, 180],
		[165, "FPC1_2", 1667.32, 505.69, "B", "SMD", "LASER_EN", "", "R", 11.81, 49.21, 0, 180],
		[166, "FPC1_3", 1647.64, 505.69, "B", "SMD", "LED_EN", "", "R", 11.81, 49.21, 0, 180],
		[167, "FPC1_4", 1627.95, 505.69, "B", "SMD", "DCI_D2", "", "R", 11.81, 49.21, 0, 180],
		[168, "FPC1_5", 1608.27, 505.69, "B", "SMD", "DCI_D1", "", "R", 11.81, 49.21, 0, 180],
		[169, "FPC1_6", 1588.58, 505.69, "B", "SMD", "DCI_D3", "", "R", 11.81, 49.21, 0, 180],
		[170, "FPC1_7", 1568.9, 505.69, "B", "SMD", "DCI_D0", "", "R", 11.81, 49.21, 0, 180],
		[171, "FPC1_8", 1549.21, 505.69, "B", "SMD", "DCI_D4", "", "R", 11.81, 49.21, 0, 180],
		[172, "FPC1_9", 1529.53, 505.69, "B", "SMD", "DCI_PIXCLK", "", "R", 11.81, 49.21, 0, 180],
		[173, "FPC1_10", 1509.84, 505.69, "B", "SMD", "DCI_D5", "", "R", 11.81, 49.21, 0, 180],
		[174, "FPC1_11", 1490.16, 505.69, "B", "SMD", "DCI_D6", "", "R", 11.81, 49.21, 0, 180],
		[175, "FPC1_12", 1470.47, 505.69, "B", "SMD", "DCI_D7", "", "R", 11.81, 49.21, 0, 180],
		[176, "FPC1_13", 1450.79, 505.69, "B", "SMD", "DCI_HSYNC", "", "R", 11.81, 49.21, 0, 180],
		[177, "FPC1_14", 1431.1, 505.69, "B", "SMD", "OV7725_PWDN", "", "R", 11.81, 49.21, 0, 180],
		[178, "FPC1_15", 1411.41, 505.69, "B", "SMD", "DCI_VSYNC", "", "R", 11.81, 49.21, 0, 180],
		[179, "FPC1_16", 1391.73, 505.69, "B", "SMD", "OV7725_RESET", "", "R", 11.81, 49.21, 0, 180],
		[180, "FPC1_17", 1372.04, 505.69, "B", "SMD", "PD5", "", "R", 11.81, 49.21, 0, 180],
		[181, "FPC1_18", 1352.36, 505.69, "B", "SMD", "PD1", "", "R", 11.81, 49.21, 0, 180],
		[182, "FPC1_19", 1332.67, 505.69, "B", "SMD", "I2C2_SCL", "", "R", 11.81, 49.21, 0, 180],
		[183, "FPC1_20", 1312.99, 505.69, "B", "SMD", "I2C2_SDA", "", "R", 11.81, 49.21, 0, 180],
		[184, "FPC1_21", 1246.46, 404.31, "B", "SMD", "GND", "GND", "R", 78.74, 98.42, 0, 180],
		[185, "FPC1_22", 1753.54, 404.31, "B", "SMD", "GND", "GND", "R", 78.74, 98.42, 0, 180],
		[186, "L1_1", 735.91, 1595.43, "B", "SMD", "$D8_2", "", "R", 92.52, 137.79, 0, 270],
		[187, "L1_2", 735.91, 1359.21, "B", "SMD", "VBAT", "", "R", 92.52, 137.79, 0, 270],
		[188, "LED1_1", 101.48, 440, "T", "SMD", "$LED1_1", "", "R", 31.5, 31.5, 0, 270],
		[189, "LED1_2", 38.52, 440, "T", "SMD", "VBUS", "", "R", 31.5, 31.5, 0, 270],
		[190, "LED2_1", 101.48, 510, "T", "SMD", "$LED2_1", "", "R", 31.5, 31.5, 0, 270],
		[191, "LED2_2", 38.52, 510, "T", "SMD", "VBUS", "", "R", 31.5, 31.5, 0, 270],
		[192, "Q1_1", 1627.6, 2942.5, "T", "SMD", "$Q1_1", "", "R", 49.21, 27.56, 0, 270],
		[193, "Q1_2", 1702.4, 2942.5, "T", "SMD", "GND", "GND", "R", 49.21, 27.56, 0, 270],
		[194, "Q1_3", 1665, 3021.24, "T", "SMD", "$BUZZER1_2", "", "R", 49.21, 27.56, 0, 270],
		[195, "Q2_1", 654.37, 2232.4, "B", "SMD", "$Q2_1", "", "R", 49.21, 27.56, 0, 0],
		[196, "Q2_2", 654.37, 2157.6, "B", "SMD", "GND", "GND", "R", 49.21, 27.56, 0, 0],
		[197, "Q2_3", 575.63, 2195, "B", "SMD", "$Q2_3", "", "R", 49.21, 27.56, 0, 0],
		[198, "Q3_1", 994.66, 480.63, "B", "SMD", "$Q3_1", "", "R", 49.21, 27.56, 0, 270],
		[199, "Q3_2", 919.86, 480.63, "B", "SMD", "BAT+", "", "R", 49.21, 27.56, 0, 270],
		[200, "Q3_3", 957.26, 559.37, "B", "SMD", "VBAT", "", "R", 49.21, 27.56, 0, 270],
		[201, "Q4_1", 1082.6, 659.37, "B", "SMD", "3V3_EN_MCU", "", "R", 49.21, 27.56, 0, 90],
		[202, "Q4_2", 1157.4, 659.37, "B", "SMD", "GND", "GND", "R", 49.21, 27.56, 0, 90],
		[203, "Q4_3", 1120, 580.63, "B", "SMD", "$D12_2", "", "R", 49.21, 27.56, 0, 90],
		[204, "R1_1", 1374.66, 380, "T", "SMD", "SDIO_D1", "", "R", 31.75, 34.02, 0, 180],
		[205, "R1_2", 1315.34, 380, "T", "SMD", "+3V3_1", "", "R", 31.75, 34.02, 0, 180],
		[206, "R2_1", 1374.66, 440, "T", "SMD", "SDIO_D0", "", "R", 31.75, 34.02, 0, 180],
		[207, "R2_2", 1315.34, 440, "T", "SMD", "+3V3_1", "", "R", 31.75, 34.02, 0, 180],
		[208, "R3_1", 1374.66, 500, "T", "SMD", "SDIO_CMD", "", "R", 31.75, 34.02, 0, 180],
		[209, "R3_2", 1315.34, 500, "T", "SMD", "+3V3_1", "", "R", 31.75, 34.02, 0, 180],
		[210, "R4_1", 1374.66, 560, "T", "SMD", "SDIO_D3", "", "R", 31.75, 34.02, 0, 180],
		[211, "R4_2", 1315.34, 560, "T", "SMD", "+3V3_1", "", "R", 31.75, 34.02, 0, 180],
		[212, "R5_1", 1374.66, 620, "T", "SMD", "SDIO_D2", "", "R", 31.75, 34.02, 0, 180],
		[213, "R5_2", 1315.34, 620, "T", "SMD", "+3V3_1", "", "R", 31.75, 34.02, 0, 180],
		[214, "R6_1", 224.66, 440, "T", "SMD", "$R6_1", "", "R", 31.75, 34.02, 0, 180],
		[215, "R6_2", 165.34, 440, "T", "SMD", "$LED1_1", "", "R", 31.75, 34.02, 0, 180],
		[216, "R7_1", 224.66, 510, "T", "SMD", "$R7_1", "", "R", 31.75, 34.02, 0, 180],
		[217, "R7_2", 165.34, 510, "T", "SMD", "$LED2_1", "", "R", 31.75, 34.02, 0, 180],
		[218, "R8_1", 639.66, 595, "T", "SMD", "GND", "GND", "R", 31.75, 34.02, 0, 180],
		[219, "R8_2", 580.34, 595, "T", "SMD", "$R8_2", "", "R", 31.75, 34.02, 0, 180],
		[220, "R9_1", 1568.28, 2855, "T", "SMD", "BUZZER", "", "R", 31.75, 34.02, 0, 0],
		[221, "R9_2", 1627.6, 2855, "T", "SMD", "$Q1_1", "", "R", 31.75, 34.02, 0, 0],
		[222, "R10_1", 1115.91, 1567.66, "B", "SMD", "$R10_1", "", "R", 31.75, 34.02, 0, 90],
		[223, "R10_2", 1115.91, 1626.98, "B", "SMD", "+5V", "", "R", 31.75, 34.02, 0, 90],
		[224, "R11_1", 1175.91, 1626.98, "B", "SMD", "GND", "GND", "R", 31.75, 34.02, 0, 270],
		[225, "R11_2", 1175.91, 1567.66, "B", "SMD", "$R10_1", "", "R", 31.75, 34.02, 0, 270],
		[226, "R12_1", 1414.66, 1850, "B", "SMD", "I2C2_SDA", "", "R", 31.75, 34.02, 0, 180],
		[227, "R12_2", 1355.34, 1850, "B", "SMD", "+3V3_1", "", "R", 31.75, 34.02, 0, 180],
		[228, "R13_1", 1489.66, 2108.35, "B", "SMD", "PD5", "", "R", 31.75, 34.02, 0, 180],
		[229, "R13_2", 1430.34, 2108.35, "B", "SMD", "+3V3_1", "", "R", 31.75, 34.02, 0, 180],
		[230, "R14_1", 1489.66, 2270, "B", "SMD", "I2C2_SCL", "", "R", 31.75, 34.02, 0, 180],
		[231, "R14_2", 1430.34, 2270, "B", "SMD", "+3V3_1", "", "R", 31.75, 34.02, 0, 180],
		[232, "R15_1", 1489.66, 2208.35, "B", "SMD", "PD1", "", "R", 31.75, 34.02, 0, 180],
		[233, "R15_2", 1430.34, 2208.35, "B", "SMD", "+3V3_1", "", "R", 31.75, 34.02, 0, 180],
		[234, "R16_1", 779.72, 691.02, "B", "SMD", "GND", "GND", "R", 31.75, 34.02, 0, 270],
		[235, "R16_2", 779.72, 631.7, "B", "SMD", "$R16_2", "", "R", 31.75, 34.02, 0, 270],
		[236, "R17_1", 840.45, 691.02, "B", "SMD", "AGND", "", "R", 31.75, 34.02, 0, 270],
		[237, "R17_2", 840.45, 631.7, "B", "SMD", "GND", "GND", "R", 31.75, 34.02, 0, 270],
		[238, "R18_1", 876.44, 375, "B", "SMD", "BAT+", "", "R", 31.75, 34.02, 0, 180],
		[239, "R18_2", 817.12, 375, "B", "SMD", "$C12_1", "", "R", 31.75, 34.02, 0, 180],
		[240, "R19_1", 575.63, 2089.66, "B", "SMD", "$Q2_3", "", "R", 31.75, 34.02, 0, 270],
		[241, "R19_2", 575.63, 2030.34, "B", "SMD", "$DISP1_3", "", "R", 31.75, 34.02, 0, 270],
		[242, "R20_1", 580, 808.35, "B", "SMD", "CHARGE_DET", "", "R", 31.75, 34.02, 0, 270],
		[243, "R20_2", 580, 749.03, "B", "SMD", "VBUS", "", "R", 31.75, 34.02, 0, 270],
		[244, "R21_1", 595.34, 2308.35, "B", "SMD", "LCD_BL", "", "R", 31.75, 34.02, 0, 0],
		[245, "R21_2", 654.66, 2308.35, "B", "SMD", "$Q2_1", "", "R", 31.75, 34.02, 0, 0],
		[246, "R22_1", 935.34, 375, "B", "SMD", "BAT+", "", "R", 31.75, 34.02, 0, 0],
		[247, "R22_2", 994.66, 375, "B", "SMD", "$Q3_1", "", "R", 31.75, 34.02, 0, 0],
		[248, "R23_1", 640, 749.03, "B", "SMD", "GND", "GND", "R", 31.75, 34.02, 0, 90],
		[249, "R23_2", 640, 808.35, "B", "SMD", "CHARGE_DET", "", "R", 31.75, 34.02, 0, 90],
		[250, "R24_1", 1055, 434.32, "B", "SMD", "$D12_2", "", "R", 31.75, 34.02, 0, 270],
		[251, "R24_2", 1055, 375, "B", "SMD", "$Q3_1", "", "R", 31.75, 34.02, 0, 270],
		[252, "R25_1", 49.82, 804.84, "B", "SMD", "GND", "GND", "R", 31.75, 34.02, 0, 270],
		[253, "R25_2", 49.82, 745.52, "B", "SMD", "$R25_2", "", "R", 31.75, 34.02, 0, 270],
		[254, "R26_1", 110.18, 804.84, "B", "SMD", "GND", "GND", "R", 31.75, 34.02, 0, 270],
		[255, "R26_2", 110.18, 745.52, "B", "SMD", "$R26_2", "", "R", 31.75, 34.02, 0, 270],
		[256, "R27_1", 830.34, 790, "T", "SMD", "ADC_CH8", "", "R", 31.75, 34.02, 0, 0],
		[257, "R27_2", 889.66, 790, "T", "SMD", "VBAT", "", "R", 31.75, 34.02, 0, 0],
		[258, "R28_1", 889.66, 850, "T", "SMD", "GND", "GND", "R", 31.75, 34.02, 0, 180],
		[259, "R28_2", 830.34, 850, "T", "SMD", "ADC_CH8", "", "R", 31.75, 34.02, 0, 180],
		[260, "SCREW1_1", 127.5, 2977.5, "T", "DIP", "GND", "GND", "C", 126, 126, 126, 0],
		[261, "SCREW1_1", 127.5, 2977.5, "B", "DIP", "GND", "GND", "C", 126, 126, 126, 0],
		[262, "SCREW2_1", 1942.5, 2977.5, "T", "DIP", "GND", "GND", "C", 126, 126, 126, 0],
		[263, "SCREW2_1", 1942.5, 2977.5, "B", "DIP", "GND", "GND", "C", 126, 126, 126, 0],
		[264, "SCREW3_1", 127.5, 127.5, "T", "DIP", "GND", "GND", "C", 126, 126, 126, 0],
		[265, "SCREW3_1", 127.5, 127.5, "B", "DIP", "GND", "GND", "C", 126, 126, 126, 0],
		[266, "SCREW4_1", 1942.5, 127.5, "T", "DIP", "GND", "GND", "C", 126, 126, 126, 0],
		[267, "SCREW4_1", 1942.5, 127.5, "B", "DIP", "GND", "GND", "C", 126, 126, 126, 0],
		[268, "SW1_1", 585.21, 1051.41, "T", "SMD", "$D12_1", "", "R", 90.55, 59.05, 0, 180],
		[269, "SW1_2", 226.95, 1051.43, "T", "SMD", "$D11_1", "", "R", 90.55, 59.05, 0, 180],
		[270, "SW1_3", 585.21, 1228.59, "T", "SMD", "GND", "GND", "R", 90.55, 59.05, 0, 180],
		[271, "SW1_4", 226.95, 1228.59, "T", "SMD", "SW1_4", "", "R", 90.55, 59.05, 0, 180],
		[272, "SW2_1", 1215.13, 1051.41, "T", "SMD", "GND", "GND", "R", 90.55, 59.05, 0, 180],
		[273, "SW2_2", 856.87, 1051.43, "T", "SMD", "GND", "GND", "R", 90.55, 59.05, 0, 180],
		[274, "SW2_3", 1215.13, 1228.59, "T", "SMD", "BTN_MF1", "", "R", 90.55, 59.05, 0, 180],
		[275, "SW2_4", 856.87, 1228.59, "T", "SMD", "SW2_4", "", "R", 90.55, 59.05, 0, 180],
		[276, "SW3_1", 1845.05, 1051.41, "T", "SMD", "GND", "GND", "R", 90.55, 59.05, 0, 180],
		[277, "SW3_2", 1486.79, 1051.43, "T", "SMD", "GND", "GND", "R", 90.55, 59.05, 0, 180],
		[278, "SW3_3", 1845.05, 1228.59, "T", "SMD", "BTN_MENU", "", "R", 90.55, 59.05, 0, 180],
		[279, "SW3_4", 1486.79, 1228.59, "T", "SMD", "SW3_4", "", "R", 90.55, 59.05, 0, 180],
		[280, "SW4_1", 1215.13, 421.49, "T", "SMD", "GND", "GND", "R", 90.55, 59.05, 0, 180],
		[281, "SW4_2", 856.87, 421.5, "T", "SMD", "GND", "GND", "R", 90.55, 59.05, 0, 180],
		[282, "SW4_3", 1215.13, 598.66, "T", "SMD", "SW4_3", "", "R", 90.55, 59.05, 0, 180],
		[283, "SW4_4", 856.87, 598.66, "T", "SMD", "BTN_MF2", "", "R", 90.55, 59.05, 0, 180],
		[284, "U1_1", 1514.29, 683.59, "T", "SMD", "SDIO_D2", "", "R", 27.56, 62.99, 0, 90],
		[285, "U1_2", 1514.29, 640.28, "T", "SMD", "SDIO_D3", "", "R", 27.56, 62.99, 0, 90],
		[286, "U1_3", 1514.29, 596.98, "T", "SMD", "SDIO_CMD", "", "R", 27.56, 62.99, 0, 90],
		[287, "U1_4", 1514.29, 553.66, "T", "SMD", "+3V3_1", "", "R", 27.56, 62.99, 0, 90],
		[288, "U1_5", 1514.29, 510.36, "T", "SMD", "SDIO_CLK", "", "R", 27.56, 62.99, 0, 90],
		[289, "U1_6", 1514.29, 467.06, "T", "SMD", "GND", "GND", "R", 27.56, 62.99, 0, 90],
		[290, "U1_7", 1514.29, 423.75, "T", "SMD", "SDIO_D0", "", "R", 27.56, 62.99, 0, 90],
		[291, "U1_8", 1514.29, 380.44, "T", "SMD", "SDIO_D1", "", "R", 27.56, 62.99, 0, 90],
		[292, "U1_9", 1514.29, 337.13, "T", "SMD", "PD3", "", "R", 27.56, 62.99, 0, 90],
		[293, "U1_10", 1565.47, 289.88, "T", "SMD", "GND", "GND", "R", 47.24, 70.87, 0, 90],
		[294, "U1_11", 1555.63, 864.69, "T", "SMD", "GND", "GND", "R", 62.99, 59.05, 0, 90],
		[295, "U1_12", 1925.71, 289.88, "T", "SMD", "GND", "GND", "R", 47.24, 98.42, 0, 90],
		[296, "U1_13", 1925.71, 900.12, "T", "SMD", "GND", "GND", "R", 47.24, 98.42, 0, 90],
		[297, "U2_1", 475, 594.5, "B", "SMD", "U2_1", "", "R", 23.62, 47.24, 0, 0],
		[298, "U2_2", 525, 594.5, "B", "SMD", "$R8_2", "", "R", 23.62, 47.24, 0, 0],
		[299, "U2_3", 575, 594.5, "B", "SMD", "GND", "GND", "R", 23.62, 47.24, 0, 0],
		[300, "U2_4", 625, 594.5, "B", "SMD", "VBUS", "", "R", 23.62, 47.24, 0, 0],
		[301, "U2_5", 625, 365.5, "B", "SMD", "BAT+", "", "R", 23.62, 47.24, 0, 0],
		[302, "U2_6", 575, 365.5, "B", "SMD", "$R7_1", "", "R", 23.62, 47.24, 0, 0],
		[303, "U2_7", 525, 365.5, "B", "SMD", "$R6_1", "", "R", 23.62, 47.24, 0, 0],
		[304, "U2_8", 475, 365.5, "B", "SMD", "U2_8", "", "R", 23.62, 47.24, 0, 0],
		[305, "U2_9", 550, 480, "B", "SMD", "GND", "GND", "R", 129.92, 94.49, 0, 180],
		[306, "U3_1", 971.35, 1887.6, "B", "SMD", "GND", "GND", "R", 49.21, 27.56, 0, 180],
		[307, "U3_2", 971.35, 1962.4, "B", "SMD", "+3V3_1", "", "R", 49.21, 27.56, 0, 180],
		[308, "U3_3", 1050.09, 1925, "B", "SMD", "+5V", "", "R", 49.21, 27.56, 0, 180],
		[309, "U4_1", 919.8, 1475.3, "B", "SMD", "$D8_2", "", "R", 20.95, 42.2, 0, 0],
		[310, "U4_2", 957.2, 1475.3, "B", "SMD", "GND", "GND", "R", 20.95, 42.2, 0, 0],
		[311, "U4_3", 994.6, 1475.3, "B", "SMD", "$R10_1", "", "R", 20.95, 42.2, 0, 0],
		[312, "U4_4", 994.6, 1384.82, "B", "SMD", "VBAT", "", "R", 20.95, 42.2, 0, 0],
		[313, "U4_5", 957.2, 1384.82, "B", "SMD", "VBAT", "", "R", 20.95, 42.2, 0, 0],
		[314, "U4_6", 919.8, 1384.82, "B", "SMD", "U4_6", "", "R", 20.95, 42.2, 0, 0],
		[315, "U5_1", 1103.09, 2929.81, "T", "SMD", "GND", "GND", "R", 49.21, 27.56, 0, 0],
		[316, "U5_2", 1103.09, 3004.61, "T", "SMD", "+3V3_2", "", "R", 49.21, 27.56, 0, 0],
		[317, "U5_3", 1024.35, 2967.21, "T", "SMD", "+5V", "", "R", 49.21, 27.56, 0, 0],
		[318, "U6_1", 779.72, 565.39, "B", "SMD", "$R16_2", "", "R", 20.95, 42.2, 0, 0],
		[319, "U6_2", 817.12, 565.39, "B", "SMD", "GND", "GND", "R", 20.95, 42.2, 0, 0],
		[320, "U6_3", 854.52, 565.39, "B", "SMD", "BAT-", "", "R", 20.95, 42.2, 0, 0],
		[321, "U6_4", 854.52, 474.91, "B", "SMD", "U6_4", "", "R", 20.95, 42.2, 0, 0],
		[322, "U6_5", 817.12, 474.91, "B", "SMD", "$C12_1", "", "R", 20.95, 42.2, 0, 0],
		[323, "U6_6", 779.72, 474.91, "B", "SMD", "BAT-", "", "R", 20.95, 42.2, 0, 0],
		[324, "USB1_1", 54.21, 304.92, "T", "DIP", "GND", "GND", "O", 39.37, 70.87, 55.12, 90],
		[325, "USB1_1", 54.21, 304.92, "B", "DIP", "GND", "GND", "O", 39.37, 70.87, 55.12, 90],
		[326, "USB1_1", 203.82, 304.92, "T", "DIP", "GND", "GND", "O", 39.37, 70.87, 55.12, 90],
		[327, "USB1_1", 203.82, 304.92, "B", "DIP", "GND", "GND", "O", 39.37, 70.87, 55.12, 90],
		[328, "USB1_2", 54.21, 645.08, "T", "DIP", "GND", "GND", "O", 39.37, 70.87, 55.12, 90],
		[329, "USB1_2", 54.21, 645.08, "B", "DIP", "GND", "GND", "O", 39.37, 70.87, 55.12, 90],
		[330, "USB1_2", 203.82, 645.08, "T", "DIP", "GND", "GND", "O", 39.37, 70.87, 55.12, 90],
		[331, "USB1_2", 203.82, 645.08, "B", "DIP", "GND", "GND", "O", 39.37, 70.87, 55.12, 90],
		[332, "USB1_A12", 205.79, 581.34, "B", "SMD", "GND", "GND", "R", 31.5, 39.37, 0, 90],
		[333, "USB1_A5", 205.79, 455.36, "B", "SMD", "$R25_2", "", "R", 27.56, 39.37, 0, 90],
		[334, "USB1_A9", 205.79, 534.09, "B", "SMD", "VBUS", "", "R", 29.53, 39.37, 0, 90],
		[335, "USB1_B12", 205.79, 368.74, "B", "SMD", "GND", "GND", "R", 31.5, 39.37, 0, 90],
		[336, "USB1_B5", 205.79, 494.73, "B", "SMD", "$R26_2", "", "R", 27.56, 39.37, 0, 90],
		[337, "USB1_B9", 205.79, 415.99, "B", "SMD", "VBUS", "", "R", 29.53, 39.37, 0, 90]
	]
}
}